{"stats":{"minecraft:custom":{"minecraft:interact_with_crafting_table":176,"minecraft:open_barrel":8,"minecraft:eat_cake_slice":7,"minecraft:leave_game":18,"minecraft:time_since_death":23358,"minecraft:sprint_one_cm":2042107,"minecraft:drop":127,"minecraft:talked_to_villager":159,"minecraft:play_time":730472,"minecraft:deaths":41,"minecraft:jump":10529,"minecraft:walk_on_water_one_cm":84669,"minecraft:enchant_item":10,"minecraft:interact_with_furnace":39,"minecraft:traded_with_villager":541,"minecraft:sleep_in_bed":39,"minecraft:damage_dealt":38818,"minecraft:player_kills":2,"minecraft:crouch_one_cm":42273,"tombstone:undead_killed":21,"tombstone:villager_killed":2,"minecraft:interact_with_smithing_table":2,"minecraft:interact_with_anvil":14,"minecraft:mob_kills":78,"minecraft:climb_one_cm":7198,"minecraft:walk_one_cm":1937033,"minecraft:sneak_time":19102,"minecraft:walk_under_water_one_cm":68442,"minecraft:boat_one_cm":109096,"minecraft:interact_with_blast_furnace":7,"minecraft:total_world_time":730472,"tombstone:raider_killed":1,"minecraft:interact_with_grindstone":12,"minecraft:time_since_rest":23118,"minecraft:damage_taken":16373,"minecraft:swim_one_cm":54241,"minecraft:fly_one_cm":3245219,"minecraft:open_chest":389,"minecraft:fall_one_cm":210903},"minecraft:killed":{"eyesinthedark:eyes_in_the_dark":1,"shy_guy:shy_guy_rage":1,"minecraft:zombified_piglin":1,"minecraft:spider":5,"tconstruct:sky_slime":8,"minecraft:skeleton":7,"structuresadventures:yeti":2,"minecraft:pig":1,"man:managgresive":1,"minecraft:creeper":1,"minecraft:sheep":8,"minecraft:trader_llama":2,"minecraft:pillager":1,"minecraft:zombie":13,"minecraft:cow":9,"the_silence:the_silence_principal":1,"sleep_killer:sleep_killer":1,"minecraft:wandering_trader":1,"structuresadventures:chicken_warrior":5,"minecraft:villager":1},"minecraft:picked_up":{"minecraft:flower_pot":2,"minecraft:anvil":1,"minecraft:lead":2,"minecraft:oak_stairs":22,"biomesoplenty:violet":6,"minecraft:potion":1,"minecraft:stone_brick_stairs":4,"tombstone:grave_key":1,"enchantinginfuser:advanced_enchanting_infuser":1,"minecraft:amethyst_block":1,"paraglider:goddess_statue":1,"minecraft:string":8,"minecraft:raw_copper":34,"create:limestone":1,"minecraft:oak_sign":3,"minecraft:gold_nugget":1,"minecraft:cobbled_deepslate":2,"comforts:sleeping_bag_white":27,"minecraft:spruce_planks":11,"minecraft:rose_bush":2,"minecraft:redstone_torch":7,"minecraft:cobblestone_slab":31,"minecraft:calcite":1,"minecraft:melon_slice":9,"minecraft:coal_block":8,"spartanweaponry:iron_flanged_mace":2,"minecraft:furnace":1,"minecraft:stick":32,"minecraft:torch":21,"quark:blossom_log":64,"minecraft:porkchop":3,"tombstone:grave_dust":4,"minecraft:diorite":220,"minecraft:rotten_flesh":18,"create:scoria":547,"farmersdelight:onion":2,"quark:blossom_chest":4,"minecraft:obsidian":4,"minecraft:cobblestone":691,"minecraft:enchanting_table":1,"minecraft:magma_block":4,"minecraft:feather":1,"minecraft:cooked_beef":4,"minecraft:water_bucket":1,"minecraft:andesite":237,"paraglider:spirit_orb":4,"minecraft:flint":3,"minecraft:tuff":446,"minecraft:map":1,"minecraft:dirt":2081,"minecraft:lantern":8,"minecraft:glass":1,"minecraft:bone":4,"minecraft:wheat_seeds":137,"minecraft:raw_gold":10,"minecraft:grindstone":2,"minecraft:fletching_table":5,"minecraft:oak_planks":247,"spartanweaponry:simple_handle":2,"minecraft:sand":66,"twilightforest:mangrove_fence":1,"minecraft:trapped_chest":2,"minecraft:mossy_cobblestone":1,"minecraft:bundle":1,"twilightforest:charm_of_keeping_1":1,"minecraft:diamond":2,"enchantinginfuser:enchanting_infuser":2,"minecraft:granite":53,"minecraft:emerald":1,"minecraft:bread":2,"minecraft:oak_sapling":36,"minecraft:netherrack":560,"minecraft:oak_leaves":58,"minecraft:diamond_pickaxe":2,"biomesoplenty:redwood_log":1,"minecraft:crafting_table":3,"minecraft:allium":11,"minecraft:azure_bluet":5,"minecraft:chicken":3,"minecraft:gold_block":31,"minecraft:cornflower":2,"minecraft:iron_axe":1,"minecraft:blackstone":4,"minecraft:candle":1,"minecraft:mossy_cobblestone_wall":1,"minecraft:beef":22,"minecraft:iron_nugget":2,"minecraft:poppy":5,"minecraft:light_gray_wool":1,"minecraft:lectern":3,"minecraft:sugar_cane":30,"minecraft:raw_iron":18,"create:golden_sheet":2,"the_silence:sad_satan":33,"minecraft:stone_button":4,"minecraft:carrot":2,"tconstruct:sky_slime_ball":5,"minecraft:arrow":2,"minecraft:cooked_cod":2,"minecraft:pink_tulip":1,"minecraft:gold_ingot":34,"biomesoplenty:redwood_sapling":1,"minecraft:mutton":16,"minecraft:white_wool":14,"minecraft:wet_sponge":1,"minecraft:oxeye_daisy":3,"minecraft:stripped_oak_log":60,"minecraft:basalt":165,"minecraft:golden_carrot":8,"minecraft:leather":13,"minecraft:mushroom_stew":2,"minecraft:oak_log":1130,"minecraft:ancient_debris":16,"minecraft:cobblestone_wall":4,"minecraft:yellow_bed":5,"minecraft:gunpowder":4,"minecraft:cobblestone_stairs":5,"man:cassette_1safetyinstructions":1,"minecraft:red_carpet":3,"minecraft:apple":14,"minecraft:stone_bricks":4,"minecraft:kelp":10,"minecraft:iron_ingot":4,"minecraft:stone_pickaxe":3,"minecraft:book":95,"minecraft:smooth_basalt":1,"create:large_water_wheel":2,"minecraft:stone_brick_slab":3,"minecraft:quartz":31,"minecraft:dandelion":16,"minecraft:gravel":20,"minecraft:amethyst_shard":4,"minecraft:spruce_sapling":4,"minecraft:blast_furnace":13,"minecraft:white_bed":3,"minecraft:spruce_log":27,"minecraft:mossy_stone_brick_slab":1,"minecraft:spider_eye":4,"create:creative_motor":2,"biomesoplenty:maple_sapling":14,"minecraft:stone_axe":1,"minecraft:baked_potato":2,"minecraft:coal":35,"minecraft:ender_pearl":2},"minecraft:broken":{"minecraft:stone_pickaxe":13,"minecraft:stone_axe":10,"minecraft:stone_shovel":13,"toughasnails:water_canteen":9,"minecraft:wooden_pickaxe":1,"spartanweaponry:iron_battleaxe":1,"minecraft:iron_axe":1,"minecraft:iron_pickaxe":3,"minecraft:iron_helmet":1,"toughasnails:purified_water_canteen":13},"minecraft:dropped":{"minecraft:iron_sword":1,"minecraft:candle":1,"minecraft:nether_star":1,"minecraft:diamond":1,"minecraft:crafting_table":1,"spartanweaponry:diamond_warhammer":1,"minecraft:red_carpet":2,"minecraft:dirt":64,"minecraft:gravel":2,"minecraft:stone_axe":1,"minecraft:blackstone":4,"minecraft:sugar_cane":13,"minecraft:rotten_flesh":8,"minecraft:oak_planks":26,"minecraft:azure_bluet":5,"create:scoria":64,"comforts:sleeping_bag_white":1,"minecraft:glass":2,"minecraft:stone_brick_stairs":2,"minecraft:quartz":8,"minecraft:netherrack":2,"minecraft:wheat_seeds":64,"biomesoplenty:maple_sapling":11,"minecraft:cobblestone":36,"minecraft:book":1,"man:cassette_1safetyinstructions":1,"minecraft:apple":6,"minecraft:granite":18,"minecraft:stick":4,"biomesoplenty:violet":3,"tombstone:grave_key":2,"minecraft:rose_bush":2,"the_silence:sad_satan":13,"minecraft:iron_axe":1,"minecraft:dandelion":8,"minecraft:spruce_sapling":4,"minecraft:stone_brick_slab":2,"minecraft:cobblestone_wall":4,"minecraft:raw_iron":6,"minecraft:light_gray_wool":1,"minecraft:oak_sign":1,"minecraft:glass_pane":15,"minecraft:flint_and_steel":1,"minecraft:diamond_sword":1,"minecraft:flower_pot":2,"minecraft:allium":1,"minecraft:diamond_pickaxe":2,"minecraft:spider_eye":2,"minecraft:stone_bricks":4,"minecraft:spruce_log":17,"minecraft:stone_pickaxe":3},"minecraft:used":{"create:deployer":6,"minecraft:oak_sign":1,"minecraft:poppy":3,"minecraft:iron_sword":4,"minecraft:zombie_spawn_egg":6,"paraglider:goddess_statue":1,"create:depot":2,"minecraft:tuff":5,"enchantinginfuser:advanced_enchanting_infuser":1,"minecraft:obsidian":12,"minecraft:lantern":3,"create:scoria":6,"quark:blossom_chest":36,"minecraft:red_carpet":1,"minecraft:furnace":3,"minecraft:gold_block":34,"minecraft:oak_planks":1990,"minecraft:stone_pickaxe":1760,"minecraft:blackstone":2,"minecraft:ender_pearl":1,"minecraft:wooden_pickaxe":59,"minecraft:sugar_cane":17,"minecraft:diamond_axe":6,"toughasnails:water_canteen":74,"minecraft:sand":1,"minecraft:blast_furnace":15,"minecraft:sponge":8,"minecraft:shears":61,"minecraft:redstone_torch":11,"spartanweaponry:diamond_longsword":240,"minecraft:string":1,"minecraft:bread":33,"minecraft:lectern":2,"minecraft:gravel":13,"minecraft:grindstone":3,"spartanweaponry:diamond_pike":5,"minecraft:smithing_table":1,"minecraft:andesite":10,"minecraft:oak_trapdoor":4,"minecraft:enchanting_table":1,"minecraft:stone_sword":233,"minecraft:flint_and_steel":11,"toughasnails:water_purifier":1,"minecraft:stone_shovel":2023,"minecraft:spruce_planks":11,"minecraft:netherrack":119,"minecraft:oak_door":1,"minecraft:torch":41,"spartanweaponry:netherite_longsword":21,"minecraft:dirt":394,"minecraft:anvil":1,"toughasnails:empty_canteen":23,"minecraft:cobblestone_wall":4,"biomesoplenty:maple_sapling":1,"minecraft:bookshelf":21,"quark:spruce_chest":4,"minecraft:iron_axe":411,"minecraft:oak_stairs":181,"create:creative_motor":8,"minecraft:smooth_basalt":1,"minecraft:golden_carrot":28,"minecraft:netherite_pickaxe":7,"tombstone:gift":6,"comforts:sleeping_bag_white":26,"minecraft:cooked_beef":22,"minecraft:cobbled_deepslate":2,"minecraft:cooked_mutton":16,"minecraft:water_bucket":7,"structuresadventures:gladioandpegocrystalsword":65,"minecraft:cobblestone_stairs":9,"minecraft:glass_bottle":2,"minecraft:fletching_table":7,"minecraft:cobblestone_slab":100,"minecraft:mossy_cobblestone":2,"farmersdelight:onion":2,"minecraft:crafting_table":8,"minecraft:oak_slab":66,"corail_recycler:recycler":1,"toughasnails:rain_collector":1,"minecraft:white_bed":3,"spartanweaponry:iron_battleaxe":139,"minecraft:oak_log":342,"spartanweaponry:diamond_warhammer":1,"minecraft:diamond_pickaxe":1128,"minecraft:apple":21,"create:mechanical_press":2,"minecraft:iron_pickaxe":750,"create:large_water_wheel":3,"minecraft:stone_axe":1577,"upgradednetherite:echo_upgraded_netherite_sword":17,"enchantinginfuser:enchanting_infuser":2,"minecraft:cobblestone":22,"minecraft:potion":4,"minecraft:porkchop":3,"minecraft:bucket":7,"toughasnails:purified_water_canteen":65,"minecraft:glass_pane":81,"minecraft:yellow_bed":5,"quark:oak_chest":20,"alexsmobs:animal_dictionary":2,"minecraft:stripped_oak_log":56,"minecraft:dandelion":8,"the_silence:sad_satan":7,"minecraft:splash_potion":4},"minecraft:killed_by":{"the_silence:the_silence_principal":9,"minecraft:pillager":2,"structuresadventures:chicken_warrior":6,"man:managgresive":2,"alexsmobs:crocodile":1,"structuresadventures:chicken_wizard":3,"minecraft:zombie":2,"shy_guy:shy_guy_rage":1,"whispers_of_the_wendigo:wendigo":3,"structuresadventures:yeti":3,"eyesinthedark:eyes_in_the_dark":1},"minecraft:crafted":{"minecraft:grindstone":1,"minecraft:smooth_stone":3,"spartanweaponry:diamond_dagger":8,"minecraft:oak_planks":3125,"minecraft:cobblestone_slab":114,"minecraft:barrel":1,"usefulbackpacks:backpack_small":1,"minecraft:stone":6,"minecraft:cobblestone_stairs":4,"spartanweaponry:netherite_longsword":1,"minecraft:bookshelf":21,"paraglider:deku_leaf":1,"toughasnails:leaf_leggings":1,"minecraft:cooked_mutton":16,"minecraft:glass":64,"minecraft:diamond_helmet":16,"minecraft:diamond_leggings":2,"corail_recycler:diamond_disk":1,"toughasnails:leaf_helmet":1,"corail_recycler:recycler":1,"spartanweaponry:diamond_longsword":1,"minecraft:oak_slab":162,"toughasnails:leaf_boots":1,"minecraft:emerald":308,"quark:blossom_planks":256,"toughasnails:rain_collector":1,"enchantinginfuser:enchanting_infuser":1,"minecraft:diamond_axe":9,"minecraft:crafting_table":6,"minecraft:spruce_planks":40,"minecraft:wooden_pickaxe":1,"minecraft:iron_helmet":14,"minecraft:smithing_table":1,"minecraft:chainmail_chestplate":1,"minecraft:fletching_table":1,"minecraft:gold_block":2,"enchantinginfuser:advanced_enchanting_infuser":1,"minecraft:diamond_pickaxe":1,"minecraft:charcoal":11,"create:water_wheel":1,"toughasnails:water_purifier":1,"minecraft:stick":2544,"minecraft:stone_slab":6,"quark:oak_chest":21,"minecraft:iron_ingot":17,"minecraft:iron_pickaxe":3,"minecraft:stone_sword":1,"minecraft:redstone_torch":5,"minecraft:netherite_ingot":4,"minecraft:shears":2,"toughasnails:empty_canteen":1,"minecraft:oak_door":3,"minecraft:stone_shovel":13,"minecraft:coal":9,"minecraft:iron_nugget":9,"comforts:sleeping_bag_white":1,"minecraft:furnace":3,"minecraft:blast_furnace":1,"corail_recycler:steel_disk":2,"spartanweaponry:iron_katana":29,"quark:blossom_chest":32,"minecraft:glass_pane":96,"minecraft:oak_trapdoor":4,"minecraft:iron_axe":2,"minecraft:spruce_slab":6,"minecraft:stone_pickaxe":14,"minecraft:cobblestone_wall":6,"minecraft:diamond_boots":12,"spartanweaponry:diamond_warhammer":30,"quark:spruce_chest":4,"minecraft:netherite_scrap":16,"spartanweaponry:diamond_pike":16,"minecraft:cooked_beef":22,"paraglider:paraglider":1,"create:andesite_alloy":2,"minecraft:netherite_pickaxe":1,"minecraft:diamond_sword":15,"toughasnails:leaf_chestplate":1,"minecraft:enchanting_table":1,"biomesoplenty:redwood_planks":4,"create:large_water_wheel":1,"minecraft:bucket":1,"minecraft:stone_axe":10,"minecraft:enchanted_book":7,"minecraft:air":0,"minecraft:oak_stairs":116,"minecraft:iron_leggings":59,"create:shaft":8,"minecraft:torch":24,"minecraft:diamond_chestplate":19},"minecraft:mined":{"minecraft:spruce_planks":11,"minecraft:large_amethyst_bud":1,"minecraft:potted_pink_tulip":1,"minecraft:white_bed":4,"minecraft:mossy_stone_brick_slab":10,"minecraft:cobblestone_stairs":5,"the_silence:sad_satan":8,"minecraft:obsidian":4,"minecraft:granite":55,"minecraft:grass_block":1634,"minecraft:coal_block":8,"minecraft:oxeye_daisy":3,"minecraft:chiseled_stone_bricks":6,"minecraft:spawner":2,"comforts:sleeping_bag_white":4,"minecraft:tall_seagrass":1,"quark:blossom_chest":4,"minecraft:magma_block":4,"minecraft:iron_ore":7,"minecraft:fire":7,"biomesoplenty:violet":4,"minecraft:fletching_table":5,"minecraft:azure_bluet":1,"minecraft:enchanting_table":1,"minecraft:oak_sign":1,"biomesoplenty:redwood_log":12,"minecraft:oak_stairs":22,"create:limestone":1,"minecraft:tripwire":1,"minecraft:blackstone":4,"minecraft:amethyst_cluster":1,"minecraft:torch":3,"minecraft:blast_furnace":13,"minecraft:calcite":1,"minecraft:mossy_cobblestone_wall":1,"minecraft:poppy":4,"minecraft:chest":1,"create:scoria":516,"quark:blossom_log":63,"minecraft:nether_quartz_ore":34,"minecraft:cobblestone":15,"minecraft:oak_planks":219,"minecraft:grindstone":2,"minecraft:sugar_cane":10,"minecraft:wall_torch":7,"minecraft:amethyst_block":1,"create:large_water_wheel":2,"minecraft:stone_brick_stairs":18,"minecraft:grass":778,"biomesoplenty:clover":3,"minecraft:oak_log":1004,"minecraft:sand":66,"minecraft:dirt":248,"minecraft:smooth_basalt":1,"minecraft:netherrack":652,"minecraft:ancient_debris":16,"minecraft:oak_leaves":67,"minecraft:tuff":447,"minecraft:mossy_cobblestone":1,"minecraft:deepslate_diamond_ore":2,"enchantinginfuser:enchanting_infuser":2,"minecraft:allium":3,"morevillagers:gardening_table":1,"minecraft:spruce_leaves":4,"farmersdelight:wild_onions":2,"minecraft:black_stained_glass_pane":2,"minecraft:furnace":1,"twilightforest:mangrove_fence":1,"minecraft:andesite":247,"treechop:chopped_log":51,"minecraft:gold_block":3,"minecraft:bookshelf":33,"minecraft:deepslate_iron_ore":5,"minecraft:cobblestone_slab":24,"minecraft:lantern":3,"minecraft:stripped_oak_log":60,"minecraft:packed_ice":3,"minecraft:wet_sponge":1,"biomesoplenty:barley":4,"minecraft:stone":764,"minecraft:potted_allium":1,"minecraft:glass_pane":2,"minecraft:basalt":296,"minecraft:stone_brick_slab":14,"minecraft:dandelion":12,"minecraft:crafting_table":2,"minecraft:cornflower":2,"minecraft:lectern":3,"minecraft:copper_ore":11,"minecraft:tall_grass":100,"minecraft:diorite":220,"minecraft:trapped_chest":2,"minecraft:cobblestone_wall":15,"minecraft:redstone_torch":2,"minecraft:spruce_log":12,"minecraft:yellow_bed":5,"minecraft:coal_ore":25,"biomesoplenty:redwood_leaves":1,"minecraft:gravel":21,"enchantinginfuser:advanced_enchanting_infuser":1,"minecraft:cobweb":1,"minecraft:cracked_stone_bricks":4,"minecraft:stone_bricks":8,"minecraft:mossy_stone_bricks":4,"minecraft:fern":154,"paraglider:goddess_statue":1}},"DataVersion":3120}