{"stats":{"minecraft:custom":{"minecraft:interact_with_crafting_table":137,"minecraft:open_barrel":7,"minecraft:eat_cake_slice":4,"minecraft:leave_game":13,"minecraft:time_since_death":64511,"minecraft:sprint_one_cm":1200173,"minecraft:drop":87,"minecraft:talked_to_villager":10,"minecraft:play_time":422418,"minecraft:deaths":32,"minecraft:jump":6409,"minecraft:walk_on_water_one_cm":63127,"minecraft:interact_with_furnace":33,"minecraft:traded_with_villager":1,"minecraft:sleep_in_bed":25,"minecraft:damage_dealt":17215,"minecraft:player_kills":2,"minecraft:crouch_one_cm":38397,"tombstone:undead_killed":6,"tombstone:villager_killed":1,"minecraft:interact_with_smithing_table":1,"minecraft:mob_kills":52,"minecraft:climb_one_cm":3959,"minecraft:walk_one_cm":1333471,"minecraft:sneak_time":14424,"minecraft:walk_under_water_one_cm":38282,"minecraft:boat_one_cm":109096,"minecraft:total_world_time":422418,"tombstone:raider_killed":1,"minecraft:time_since_rest":2056,"minecraft:damage_taken":10753,"minecraft:swim_one_cm":49240,"minecraft:fly_one_cm":1587856,"minecraft:open_chest":157,"minecraft:fall_one_cm":145442},"minecraft:killed":{"eyesinthedark:eyes_in_the_dark":1,"minecraft:spider":3,"tconstruct:sky_slime":8,"minecraft:skeleton":2,"minecraft:pig":1,"man:managgresive":1,"minecraft:sheep":8,"minecraft:trader_llama":2,"minecraft:pillager":1,"minecraft:zombie":4,"minecraft:cow":9,"sleep_killer:sleep_killer":1,"minecraft:wandering_trader":1,"structuresadventures:chicken_warrior":5},"minecraft:picked_up":{"minecraft:anvil":1,"minecraft:flower_pot":2,"minecraft:lead":2,"minecraft:oak_stairs":22,"biomesoplenty:violet":6,"minecraft:stone_brick_stairs":2,"tombstone:grave_key":1,"paraglider:goddess_statue":1,"minecraft:string":5,"minecraft:raw_copper":34,"minecraft:oak_sign":3,"comforts:sleeping_bag_white":23,"minecraft:spruce_planks":11,"minecraft:cobblestone_slab":31,"minecraft:coal_block":8,"minecraft:furnace":1,"minecraft:stick":27,"minecraft:torch":16,"minecraft:porkchop":3,"tombstone:grave_dust":2,"minecraft:diorite":215,"minecraft:rotten_flesh":6,"create:scoria":547,"farmersdelight:onion":2,"minecraft:cobblestone":655,"minecraft:magma_block":3,"minecraft:feather":1,"minecraft:andesite":223,"paraglider:spirit_orb":2,"minecraft:flint":2,"minecraft:tuff":442,"minecraft:dirt":1858,"minecraft:lantern":7,"minecraft:glass":1,"minecraft:wheat_seeds":107,"minecraft:oak_planks":236,"spartanweaponry:simple_handle":2,"minecraft:sand":66,"minecraft:granite":46,"minecraft:emerald":1,"minecraft:oak_sapling":34,"minecraft:oak_leaves":3,"minecraft:crafting_table":3,"minecraft:allium":11,"minecraft:azure_bluet":5,"minecraft:chicken":3,"minecraft:cornflower":2,"minecraft:candle":1,"minecraft:beef":22,"minecraft:iron_nugget":2,"minecraft:poppy":5,"minecraft:light_gray_wool":1,"minecraft:lectern":3,"minecraft:sugar_cane":30,"minecraft:raw_iron":18,"create:golden_sheet":2,"the_silence:sad_satan":33,"tconstruct:sky_slime_ball":5,"minecraft:pink_tulip":1,"minecraft:gold_ingot":4,"minecraft:mutton":16,"minecraft:white_wool":14,"minecraft:wet_sponge":1,"minecraft:oxeye_daisy":3,"minecraft:stripped_oak_log":60,"minecraft:golden_carrot":8,"minecraft:leather":13,"minecraft:oak_log":1087,"minecraft:yellow_bed":3,"minecraft:cobblestone_wall":4,"minecraft:cobblestone_stairs":5,"man:cassette_1safetyinstructions":1,"minecraft:apple":13,"minecraft:stone_bricks":4,"minecraft:kelp":10,"minecraft:stone_pickaxe":3,"minecraft:iron_ingot":4,"minecraft:book":95,"create:large_water_wheel":2,"minecraft:stone_brick_slab":2,"minecraft:dandelion":16,"minecraft:gravel":15,"minecraft:spruce_sapling":4,"minecraft:white_bed":2,"minecraft:spruce_log":27,"minecraft:spider_eye":3,"create:creative_motor":2,"biomesoplenty:maple_sapling":14,"minecraft:stone_axe":1,"minecraft:coal":25,"minecraft:ender_pearl":2},"minecraft:used":{"create:deployer":6,"minecraft:oak_sign":1,"create:depot":2,"minecraft:tuff":3,"minecraft:lantern":3,"create:scoria":6,"minecraft:furnace":3,"minecraft:stone_pickaxe":1740,"minecraft:oak_planks":1716,"minecraft:ender_pearl":1,"minecraft:wooden_pickaxe":59,"minecraft:sugar_cane":17,"toughasnails:water_canteen":46,"minecraft:sand":1,"minecraft:sponge":8,"minecraft:shears":4,"minecraft:bread":3,"minecraft:string":1,"minecraft:lectern":1,"minecraft:gravel":13,"minecraft:grindstone":1,"minecraft:oak_trapdoor":2,"minecraft:stone_sword":219,"toughasnails:water_purifier":1,"minecraft:stone_shovel":2023,"minecraft:spruce_planks":11,"minecraft:oak_door":1,"minecraft:torch":36,"minecraft:dirt":317,"toughasnails:empty_canteen":12,"minecraft:cobblestone_wall":4,"biomesoplenty:maple_sapling":1,"quark:spruce_chest":4,"minecraft:iron_axe":411,"minecraft:oak_stairs":138,"create:creative_motor":8,"minecraft:golden_carrot":28,"tombstone:gift":5,"comforts:sleeping_bag_white":22,"minecraft:cooked_beef":2,"minecraft:cooked_mutton":16,"minecraft:water_bucket":7,"minecraft:cobblestone_stairs":9,"structuresadventures:gladioandpegocrystalsword":39,"minecraft:cobblestone_slab":100,"farmersdelight:onion":2,"minecraft:oak_slab":51,"minecraft:crafting_table":8,"toughasnails:rain_collector":1,"corail_recycler:recycler":1,"minecraft:white_bed":2,"spartanweaponry:iron_battleaxe":139,"minecraft:oak_log":342,"minecraft:apple":21,"create:mechanical_press":2,"minecraft:iron_pickaxe":750,"create:large_water_wheel":3,"minecraft:stone_axe":1436,"upgradednetherite:echo_upgraded_netherite_sword":17,"minecraft:cobblestone":22,"toughasnails:purified_water_canteen":20,"minecraft:bucket":7,"minecraft:glass_pane":81,"minecraft:yellow_bed":2,"quark:oak_chest":20,"alexsmobs:animal_dictionary":2,"minecraft:stripped_oak_log":56,"the_silence:sad_satan":7},"minecraft:broken":{"minecraft:stone_pickaxe":13,"minecraft:stone_axe":9,"minecraft:stone_shovel":13,"toughasnails:water_canteen":7,"minecraft:wooden_pickaxe":1,"spartanweaponry:iron_battleaxe":1,"minecraft:iron_axe":1,"minecraft:iron_pickaxe":3,"toughasnails:purified_water_canteen":4},"minecraft:mined":{"minecraft:potted_pink_tulip":1,"minecraft:spruce_planks":11,"minecraft:white_bed":2,"minecraft:mossy_stone_brick_slab":9,"minecraft:cobblestone_stairs":5,"the_silence:sad_satan":8,"minecraft:granite":48,"minecraft:grass_block":1563,"minecraft:coal_block":8,"minecraft:oxeye_daisy":3,"minecraft:chiseled_stone_bricks":6,"minecraft:spawner":1,"comforts:sleeping_bag_white":4,"minecraft:tall_seagrass":1,"minecraft:magma_block":3,"minecraft:iron_ore":7,"biomesoplenty:violet":4,"minecraft:azure_bluet":1,"minecraft:oak_sign":1,"minecraft:oak_stairs":22,"minecraft:tripwire":1,"minecraft:torch":3,"minecraft:poppy":4,"create:scoria":516,"minecraft:chest":1,"minecraft:cobblestone":15,"minecraft:sugar_cane":10,"minecraft:oak_planks":209,"minecraft:wall_torch":6,"create:large_water_wheel":2,"minecraft:stone_brick_stairs":16,"minecraft:grass":651,"biomesoplenty:clover":1,"minecraft:oak_log":966,"minecraft:sand":66,"minecraft:dirt":239,"minecraft:oak_leaves":6,"minecraft:tuff":444,"minecraft:allium":3,"morevillagers:gardening_table":1,"minecraft:spruce_leaves":4,"farmersdelight:wild_onions":2,"minecraft:black_stained_glass_pane":2,"minecraft:furnace":1,"minecraft:andesite":233,"treechop:chopped_log":46,"minecraft:bookshelf":33,"minecraft:deepslate_iron_ore":5,"minecraft:cobblestone_slab":24,"minecraft:lantern":3,"minecraft:stripped_oak_log":60,"minecraft:wet_sponge":1,"biomesoplenty:barley":4,"minecraft:stone":760,"minecraft:potted_allium":1,"minecraft:glass_pane":1,"minecraft:stone_brick_slab":13,"minecraft:dandelion":12,"minecraft:crafting_table":2,"minecraft:cornflower":2,"minecraft:lectern":3,"minecraft:tall_grass":79,"minecraft:copper_ore":11,"minecraft:diorite":215,"minecraft:cobblestone_wall":15,"minecraft:spruce_log":12,"minecraft:yellow_bed":3,"minecraft:coal_ore":25,"minecraft:gravel":15,"minecraft:cobweb":1,"minecraft:cracked_stone_bricks":4,"minecraft:stone_bricks":8,"minecraft:mossy_stone_bricks":4,"minecraft:fern":136,"paraglider:goddess_statue":1},"minecraft:crafted":{"minecraft:grindstone":1,"minecraft:oak_planks":1941,"minecraft:cobblestone_slab":114,"minecraft:barrel":1,"usefulbackpacks:backpack_small":1,"minecraft:stone":6,"minecraft:cobblestone_stairs":4,"paraglider:deku_leaf":1,"minecraft:cooked_mutton":16,"minecraft:glass":64,"corail_recycler:recycler":1,"minecraft:oak_slab":150,"toughasnails:rain_collector":1,"minecraft:crafting_table":6,"minecraft:spruce_planks":40,"minecraft:wooden_pickaxe":1,"minecraft:charcoal":11,"create:water_wheel":1,"toughasnails:water_purifier":1,"minecraft:stick":92,"minecraft:stone_slab":6,"quark:oak_chest":21,"minecraft:iron_pickaxe":3,"minecraft:iron_ingot":15,"minecraft:stone_sword":1,"minecraft:shears":1,"toughasnails:empty_canteen":1,"minecraft:oak_door":3,"minecraft:coal":9,"minecraft:stone_shovel":13,"minecraft:iron_nugget":9,"comforts:sleeping_bag_white":1,"minecraft:furnace":2,"corail_recycler:steel_disk":2,"spartanweaponry:iron_katana":1,"minecraft:oak_trapdoor":2,"minecraft:glass_pane":96,"minecraft:iron_axe":2,"minecraft:spruce_slab":6,"minecraft:stone_pickaxe":14,"minecraft:cobblestone_wall":6,"quark:spruce_chest":4,"minecraft:cooked_beef":22,"paraglider:paraglider":1,"create:andesite_alloy":2,"create:large_water_wheel":1,"minecraft:bucket":1,"minecraft:stone_axe":10,"minecraft:air":0,"minecraft:oak_stairs":116,"create:shaft":8,"minecraft:torch":24},"minecraft:killed_by":{"the_silence:the_silence_principal":8,"minecraft:pillager":2,"structuresadventures:chicken_warrior":6,"man:managgresive":1,"alexsmobs:crocodile":1,"structuresadventures:chicken_wizard":3,"minecraft:zombie":2,"eyesinthedark:eyes_in_the_dark":1},"minecraft:dropped":{"minecraft:candle":1,"minecraft:crafting_table":1,"minecraft:dirt":64,"minecraft:gravel":2,"minecraft:stone_axe":1,"minecraft:sugar_cane":13,"minecraft:rotten_flesh":6,"minecraft:oak_planks":25,"minecraft:azure_bluet":5,"create:scoria":64,"comforts:sleeping_bag_white":1,"minecraft:glass":2,"minecraft:stone_brick_stairs":2,"minecraft:wheat_seeds":37,"biomesoplenty:maple_sapling":11,"minecraft:cobblestone":36,"man:cassette_1safetyinstructions":1,"minecraft:apple":6,"minecraft:granite":18,"minecraft:stick":3,"biomesoplenty:violet":3,"tombstone:grave_key":2,"the_silence:sad_satan":13,"minecraft:dandelion":8,"minecraft:spruce_sapling":4,"minecraft:stone_brick_slab":2,"minecraft:cobblestone_wall":4,"minecraft:raw_iron":6,"minecraft:light_gray_wool":1,"minecraft:oak_sign":1,"minecraft:glass_pane":15,"minecraft:flower_pot":2,"minecraft:allium":1,"minecraft:stone_bricks":4,"minecraft:spider_eye":2,"minecraft:spruce_log":17,"minecraft:stone_pickaxe":3}},"DataVersion":3120}