{"stats":{"minecraft:custom":{"minecraft:interact_with_smithing_table":1,"minecraft:interact_with_anvil":1,"minecraft:mob_kills":87,"minecraft:interact_with_crafting_table":64,"minecraft:open_barrel":27,"minecraft:eat_cake_slice":3,"minecraft:leave_game":21,"minecraft:time_since_death":23548,"minecraft:climb_one_cm":6564,"minecraft:sprint_one_cm":1227996,"minecraft:walk_one_cm":1058681,"minecraft:damage_blocked_by_shield":3456,"minecraft:drop":147,"minecraft:play_time":372940,"minecraft:sneak_time":12852,"minecraft:deaths":38,"minecraft:walk_under_water_one_cm":28223,"minecraft:boat_one_cm":124882,"minecraft:jump":6224,"minecraft:interact_with_brewingstand":1,"minecraft:interact_with_blast_furnace":12,"minecraft:walk_on_water_one_cm":98025,"minecraft:total_world_time":372940,"minecraft:interact_with_furnace":48,"tombstone:raider_killed":1,"minecraft:sleep_in_bed":22,"minecraft:time_since_rest":23326,"minecraft:damage_taken":15304,"minecraft:trigger_trapped_chest":6,"minecraft:damage_dealt":16049,"minecraft:swim_one_cm":86402,"minecraft:fly_one_cm":1686636,"minecraft:crouch_one_cm":38895,"minecraft:open_chest":140,"tombstone:undead_killed":37,"minecraft:interact_with_smoker":2,"minecraft:fall_one_cm":230125},"minecraft:killed":{"minecraft:cave_spider":2,"minecraft:witch":1,"alexsmobs:raccoon":1,"minecraft:spider":10,"tconstruct:sky_slime":1,"minecraft:skeleton":17,"minecraft:chicken":1,"artifacts:mimic":1,"minecraft:pig":4,"sleep_killer:sleep_killer":3,"minecraft:zombie_villager":1,"minecraft:bat":1,"minecraft:creeper":1,"minecraft:sheep":9,"minecraft:zombie":19,"alexsmobs:cockroach":1,"alexsmobs:fly":1,"minecraft:cow":15},"minecraft:picked_up":{"minecraft:crafting_table":5,"minecraft:leather_leggings":1,"minecraft:smithing_table":1,"minecraft:diamond_sword":1,"minecraft:oak_stairs":97,"minecraft:gold_block":1,"biomesoplenty:violet":2,"minecraft:golden_shovel":1,"minecraft:string":6,"minecraft:moss_carpet":1,"minecraft:glass_pane":15,"minecraft:cobbled_deepslate":121,"comforts:sleeping_bag_white":18,"minecraft:beef":29,"minecraft:redstone_torch":2,"minecraft:sugar_cane":9,"minecraft:birch_sapling":1,"minecraft:furnace":1,"minecraft:stick":171,"minecraft:raw_iron":97,"minecraft:torch":13,"the_silence:sad_satan":13,"minecraft:porkchop":6,"tombstone:grave_dust":3,"minecraft:arrow":19,"minecraft:rotten_flesh":12,"artifacts:running_shoes":1,"minecraft:obsidian":45,"minecraft:mutton":17,"minecraft:white_wool":7,"minecraft:cobblestone":23,"the_silence:flashlight":1,"minecraft:glow_ink_sac":7,"minecraft:andesite":2,"minecraft:leather":11,"paraglider:spirit_orb":2,"minecraft:tuff":4,"minecraft:oak_log":486,"artifacts:superstitious_hat":1,"minecraft:gunpowder":2,"minecraft:wither_skeleton_skull":1,"minecraft:lapis_lazuli":50,"minecraft:dirt":742,"minecraft:bone":19,"minecraft:apple":17,"minecraft:bow":1,"minecraft:wheat_seeds":26,"minecraft:raw_gold":89,"alexsmobs:cockroach_wing_fragment":1,"minecraft:iron_ingot":1,"minecraft:cobweb":5,"tombstone:bag_of_seeds":1,"minecraft:iron_sword":2,"minecraft:oak_planks":153,"minecraft:book":1,"minecraft:oak_slab":1,"spartanweaponry:iron_saber":1,"minecraft:sand":21,"minecraft:spruce_sapling":9,"minecraft:blast_furnace":2,"minecraft:spruce_log":17,"biomesoplenty:glowing_moss_block":1,"minecraft:spider_eye":3,"biomesoplenty:maple_sapling":55,"toughasnails:water_purifier":1,"minecraft:sugar":1,"minecraft:diamond":25,"minecraft:netherrack":57,"alexsmobs:maggot":2,"minecraft:oak_sapling":200,"minecraft:black_wool":1,"minecraft:coal":2,"minecraft:diamond_pickaxe":1},"minecraft:broken":{"toughasnails:water_canteen":11,"minecraft:shield":1},"minecraft:used":{"minecraft:writable_book":1,"minecraft:enchanting_table":1,"toughasnails:water_purifier":2,"biomesoplenty:glowing_moss_block":1,"minecraft:shield":29,"minecraft:iron_sword":230,"minecraft:netherrack":3,"minecraft:iron_chestplate":2,"minecraft:torch":98,"minecraft:dirt":436,"minecraft:mutton":9,"toughasnails:empty_canteen":12,"minecraft:tuff":1,"minecraft:obsidian":16,"alexsmobs:maggot":2,"quark:deepslate_furnace":4,"minecraft:oak_stairs":407,"minecraft:iron_boots":1,"minecraft:golden_carrot":51,"minecraft:beef":12,"minecraft:furnace":1,"spartanweaponry:diamond_katana":49,"minecraft:gold_block":1,"tombstone:gift":4,"comforts:sleeping_bag_white":18,"minecraft:cobbled_deepslate":70,"minecraft:water_bucket":70,"minecraft:oak_planks":1056,"minecraft:stone_pickaxe":42,"minecraft:wooden_pickaxe":3,"minecraft:diamond_axe":735,"toughasnails:water_canteen":128,"minecraft:golden_apple":1,"minecraft:oak_slab":3,"minecraft:crafting_table":8,"minecraft:blast_furnace":1,"corail_recycler:recycler":1,"minecraft:white_bed":1,"minecraft:redstone_torch":1,"minecraft:oak_log":43,"minecraft:black_wool":1,"minecraft:diamond_pickaxe":108,"minecraft:apple":2,"minecraft:diamond_shovel":750,"minecraft:iron_pickaxe":280,"tombstone:magic_scroll":1,"minecraft:spruce_sapling":4,"minecraft:stone_axe":60,"minecraft:cobblestone":14,"minecraft:porkchop":3,"minecraft:bucket":71,"quark:oak_chest":4,"minecraft:oak_boat":1,"the_silence:sad_satan":1},"minecraft:dropped":{"minecraft:iron_sword":2,"minecraft:wheat_seeds":2,"the_silence:flashlight":1,"minecraft:crafting_table":1,"biomesoplenty:maple_sapling":55,"minecraft:cobblestone":3,"minecraft:apple":3,"minecraft:gold_block":9,"minecraft:stick":4,"biomesoplenty:violet":2,"minecraft:dirt":1,"tconstruct:materials_and_you":1,"minecraft:golden_carrot":8,"minecraft:wooden_hoe":1,"minecraft:mutton":7,"the_silence:sad_satan":12,"minecraft:sugar":1,"minecraft:spruce_sapling":1,"minecraft:gold_ingot":30,"minecraft:moss_carpet":1,"minecraft:sugar_cane":4,"alexsmobs:animal_dictionary":1,"minecraft:cobbled_deepslate":5,"minecraft:rotten_flesh":6,"minecraft:golden_shovel":1,"minecraft:diamond_pickaxe":1,"minecraft:redstone_torch":1,"minecraft:leather_leggings":1,"minecraft:arrow":3,"minecraft:wooden_pickaxe":1,"minecraft:raw_gold":10,"minecraft:netherrack":54},"minecraft:killed_by":{"the_silence:the_silence_principal":3,"minecraft:player":2,"minecraft:creeper":8,"minecraft:spider":1,"structuresadventures:yeti":2,"alexsmobs:tiger":1,"structuresadventures:chicken_warrior":4,"minecraft:skeleton":3,"minecraft:zombie":3,"eyesinthedark:eyes_in_the_dark":2,"cave_dweller:cave_dweller":2,"sleep_killer:sleep_killer":1},"minecraft:crafted":{"minecraft:oak_planks":1560,"the_silence:flashlightoff":1,"minecraft:iron_nugget":9,"comforts:sleeping_bag_white":1,"corail_recycler:steel_disk":2,"quark:deepslate_furnace":4,"minecraft:glass":7,"minecraft:diamond_helmet":1,"minecraft:diamond_leggings":1,"minecraft:iron_boots":2,"minecraft:stone_pickaxe":1,"minecraft:diamond_boots":1,"corail_recycler:diamond_disk":2,"corail_recycler:recycler":1,"minecraft:cooked_beef":17,"spartanweaponry:iron_longsword":1,"minecraft:oak_slab":12,"spartanweaponry:pole":1,"minecraft:crafting_table":4,"spartanweaponry:diamond_katana":1,"minecraft:enchanting_table":1,"minecraft:wooden_pickaxe":1,"minecraft:iron_helmet":2,"minecraft:iron_sword":1,"spartanweaponry:handle":2,"spartanweaponry:iron_spear":1,"minecraft:gold_block":3,"minecraft:bucket":1,"corail_recycler:diamond_shard":9,"minecraft:stone_axe":1,"minecraft:air":0,"minecraft:oak_boat":1,"minecraft:iron_chestplate":3,"minecraft:wooden_hoe":1,"minecraft:diamond_pickaxe":1,"minecraft:charcoal":1,"toughasnails:water_purifier":1,"minecraft:shield":3,"minecraft:stick":8,"quark:oak_chest":5,"minecraft:iron_ingot":82,"minecraft:iron_pickaxe":1,"minecraft:oak_stairs":316,"minecraft:iron_shovel":1,"minecraft:iron_leggings":1,"minecraft:gold_ingot":25,"minecraft:white_bed":1,"minecraft:torch":96,"toughasnails:empty_canteen":1},"minecraft:mined":{"biomesoplenty:glowing_moss_block":1,"minecraft:tuff":4,"minecraft:deepslate_diamond_ore":25,"the_silence:sad_satan":14,"minecraft:obsidian":45,"minecraft:grass_block":681,"minecraft:spawner":1,"comforts:sleeping_bag_white":4,"minecraft:spruce_sapling":4,"minecraft:furnace":1,"minecraft:iron_ore":29,"minecraft:cobbled_deepslate":1,"minecraft:andesite":2,"treechop:chopped_log":85,"minecraft:deepslate_lapis_ore":8,"minecraft:anvil":1,"minecraft:gold_block":1,"minecraft:deepslate_iron_ore":59,"minecraft:oak_stairs":93,"biomesoplenty:webbing":1,"minecraft:packed_ice":1,"minecraft:stone":23,"minecraft:smithing_table":1,"minecraft:oak_slab":1,"tconstruct:sky_slime_tall_grass":1,"toughasnails:water_purifier":1,"minecraft:crafting_table":5,"minecraft:torch":9,"minecraft:blast_furnace":2,"minecraft:tall_grass":10,"minecraft:deepslate_gold_ore":79,"minecraft:oak_planks":148,"minecraft:wall_torch":2,"minecraft:grass":292,"biomesoplenty:clover":3,"minecraft:oak_log":6,"minecraft:coal_ore":2,"minecraft:sand":22,"minecraft:dirt":48,"minecraft:wither_skeleton_skull":1,"minecraft:netherrack":37,"minecraft:gold_ore":3,"minecraft:oak_leaves":9,"minecraft:deepslate":106,"minecraft:fern":2}},"DataVersion":3120}