{"stats":{"minecraft:killed_by":{"the_silence:the_silence_principal":3,"minecraft:player":2,"minecraft:creeper":8,"minecraft:spider":1,"whispers_of_the_wendigo:wendigo":1,"structuresadventures:yeti":2,"alexsmobs:tiger":1,"structuresadventures:chicken_warrior":4,"minecraft:skeleton":4,"minecraft:zombie":4,"eyesinthedark:eyes_in_the_dark":2,"cave_dweller:cave_dweller":2,"sleep_killer:sleep_killer":1},"minecraft:picked_up":{"biomesoplenty:redwood_log":14,"minecraft:crafting_table":5,"minecraft:azure_bluet":1,"minecraft:leather_leggings":1,"minecraft:smithing_table":1,"minecraft:diamond_sword":2,"minecraft:oak_stairs":101,"minecraft:gold_block":19,"biomesoplenty:violet":2,"minecraft:golden_shovel":1,"minecraft:string":7,"minecraft:moss_carpet":1,"minecraft:flint_and_steel":2,"minecraft:white_carpet":2,"minecraft:glass_pane":15,"minecraft:cobbled_deepslate":133,"comforts:sleeping_bag_white":19,"minecraft:beef":29,"minecraft:redstone_torch":10,"minecraft:poppy":1,"minecraft:sugar_cane":9,"minecraft:birch_sapling":6,"minecraft:furnace":1,"minecraft:raw_iron":97,"minecraft:stick":173,"minecraft:torch":23,"minecraft:porkchop":9,"artifacts:vampiric_glove":1,"the_silence:sad_satan":13,"spartanweaponry:diamond_warhammer":1,"tombstone:grave_dust":4,"minecraft:carrot":1,"minecraft:redstone":61,"minecraft:tnt":1,"minecraft:arrow":22,"minecraft:rotten_flesh":14,"artifacts:villager_hat":1,"minecraft:iron_block":3,"artifacts:running_shoes":1,"minecraft:mutton":17,"minecraft:obsidian":45,"minecraft:white_wool":7,"minecraft:cobblestone":87,"minecraft:oxeye_daisy":1,"minecraft:birch_log":7,"the_silence:flashlight":1,"minecraft:glow_ink_sac":7,"minecraft:andesite":2,"minecraft:leather":11,"spartanweaponry:iron_longsword":1,"paraglider:spirit_orb":14,"minecraft:tuff":4,"minecraft:oak_log":486,"artifacts:superstitious_hat":1,"minecraft:gunpowder":3,"minecraft:wither_skeleton_skull":1,"minecraft:lapis_lazuli":50,"minecraft:dirt":876,"minecraft:bone":22,"minecraft:apple":17,"minecraft:bow":1,"minecraft:wheat_seeds":30,"minecraft:raw_gold":100,"alexsmobs:cockroach_wing_fragment":1,"minecraft:iron_ingot":1,"minecraft:cobweb":5,"tombstone:bag_of_seeds":1,"minecraft:oak_planks":157,"minecraft:iron_sword":2,"minecraft:book":1,"minecraft:oak_slab":1,"spartanweaponry:iron_saber":1,"securitycraft:mine":1,"minecraft:dandelion":13,"minecraft:sand":21,"minecraft:spruce_sapling":9,"minecraft:blast_furnace":2,"minecraft:spruce_log":17,"biomesoplenty:glowing_moss_block":1,"minecraft:spider_eye":4,"toughasnails:water_canteen":1,"biomesoplenty:maple_sapling":55,"toughasnails:water_purifier":1,"minecraft:sugar":1,"minecraft:diamond":45,"alexsmobs:maggot":2,"minecraft:light_gray_carpet":2,"minecraft:oak_sapling":200,"minecraft:black_wool":1,"minecraft:netherrack":68,"twilightforest:torchberries":1,"minecraft:coal":23,"minecraft:diamond_pickaxe":1},"minecraft:killed":{"minecraft:cave_spider":2,"minecraft:witch":1,"alexsmobs:raccoon":1,"minecraft:spider":11,"tconstruct:sky_slime":1,"minecraft:skeleton":20,"minecraft:chicken":1,"artifacts:mimic":3,"minecraft:pig":6,"sleep_killer:sleep_killer":3,"minecraft:zombie_villager":1,"minecraft:bat":1,"minecraft:creeper":5,"twilightforest:skeleton_druid":2,"alexsmobs:crimson_mosquito":1,"minecraft:sheep":9,"alexsmobs:cockroach":1,"minecraft:zombie":24,"alexsmobs:fly":1,"minecraft:cow":15},"minecraft:mined":{"biomesoplenty:glowing_moss_block":1,"securitycraft:mine":1,"minecraft:tuff":4,"minecraft:deepslate_diamond_ore":45,"the_silence:sad_satan":14,"minecraft:obsidian":45,"minecraft:grass_block":682,"minecraft:spawner":7,"comforts:sleeping_bag_white":4,"minecraft:spruce_sapling":4,"minecraft:furnace":1,"minecraft:iron_ore":29,"minecraft:fire":1,"minecraft:cobbled_deepslate":2,"minecraft:andesite":2,"treechop:chopped_log":86,"minecraft:anvil":1,"minecraft:deepslate_lapis_ore":8,"minecraft:gold_block":22,"minecraft:deepslate_iron_ore":59,"minecraft:oak_stairs":97,"biomesoplenty:webbing":1,"minecraft:packed_ice":1,"minecraft:stone":87,"minecraft:smithing_table":1,"minecraft:deepslate_redstone_ore":14,"minecraft:oak_slab":1,"minecraft:light_gray_carpet":2,"tconstruct:sky_slime_tall_grass":1,"toughasnails:water_purifier":1,"minecraft:dandelion":12,"minecraft:crafting_table":5,"minecraft:torch":10,"minecraft:blast_furnace":2,"minecraft:poppy":1,"minecraft:nether_quartz_ore":1,"minecraft:tall_grass":10,"minecraft:deepslate_gold_ore":90,"minecraft:oak_planks":152,"minecraft:wall_torch":5,"minecraft:white_carpet":2,"minecraft:tnt":1,"minecraft:grass":321,"biomesoplenty:clover":3,"minecraft:coal_ore":2,"minecraft:oak_log":6,"minecraft:dirt":117,"minecraft:sand":22,"minecraft:wither_skeleton_skull":1,"minecraft:gold_ore":3,"minecraft:deepslate":117,"minecraft:oak_leaves":11,"minecraft:netherrack":44,"minecraft:fern":16},"minecraft:crafted":{"securitycraft:mine":12,"minecraft:oak_planks":1768,"the_silence:flashlightoff":1,"minecraft:iron_nugget":9,"comforts:sleeping_bag_white":1,"corail_recycler:steel_disk":2,"quark:deepslate_furnace":4,"minecraft:glass":7,"minecraft:diamond_helmet":1,"minecraft:diamond_leggings":1,"minecraft:iron_boots":2,"minecraft:stone_pickaxe":1,"minecraft:diamond_boots":1,"corail_recycler:diamond_disk":2,"corail_recycler:recycler":1,"minecraft:cooked_beef":17,"spartanweaponry:iron_longsword":1,"minecraft:oak_slab":12,"spartanweaponry:pole":1,"minecraft:crafting_table":5,"minecraft:enchanting_table":1,"spartanweaponry:diamond_katana":1,"minecraft:wooden_pickaxe":1,"minecraft:iron_helmet":2,"minecraft:iron_sword":1,"spartanweaponry:handle":2,"spartanweaponry:iron_spear":1,"minecraft:gold_block":3,"minecraft:bucket":1,"minecraft:birch_planks":24,"minecraft:stone_axe":1,"corail_recycler:diamond_shard":9,"minecraft:air":0,"minecraft:oak_boat":1,"minecraft:iron_chestplate":3,"minecraft:wooden_hoe":1,"minecraft:diamond_pickaxe":1,"minecraft:charcoal":1,"toughasnails:water_purifier":1,"minecraft:shield":3,"minecraft:stick":48,"quark:oak_chest":5,"minecraft:iron_ingot":82,"minecraft:iron_pickaxe":1,"minecraft:oak_stairs":320,"minecraft:iron_shovel":1,"minecraft:iron_leggings":1,"minecraft:gold_ingot":25,"minecraft:white_bed":1,"minecraft:torch":160,"toughasnails:empty_canteen":1,"minecraft:diamond_chestplate":1},"minecraft:broken":{"toughasnails:water_canteen":17,"minecraft:shield":1},"minecraft:used":{"minecraft:writable_book":1,"minecraft:enchanting_table":1,"minecraft:flint_and_steel":2,"toughasnails:water_purifier":2,"biomesoplenty:glowing_moss_block":1,"minecraft:poppy":1,"minecraft:shield":33,"minecraft:iron_sword":230,"minecraft:netherrack":5,"minecraft:iron_chestplate":2,"minecraft:torch":142,"minecraft:dirt":838,"minecraft:mutton":9,"toughasnails:empty_canteen":18,"minecraft:diamond_helmet":1,"minecraft:tuff":1,"minecraft:obsidian":16,"alexsmobs:maggot":2,"quark:deepslate_furnace":4,"minecraft:oak_stairs":416,"minecraft:iron_boots":1,"minecraft:golden_carrot":52,"minecraft:beef":12,"minecraft:furnace":1,"spartanweaponry:diamond_katana":49,"minecraft:gold_block":3,"tombstone:gift":4,"comforts:sleeping_bag_white":19,"minecraft:cooked_beef":17,"minecraft:cobbled_deepslate":70,"minecraft:water_bucket":85,"tombstone:scroll_of_reach":1,"minecraft:oak_planks":1118,"minecraft:stone_pickaxe":42,"minecraft:wooden_pickaxe":3,"minecraft:diamond_axe":762,"toughasnails:water_canteen":219,"minecraft:golden_apple":3,"minecraft:oak_slab":3,"minecraft:crafting_table":9,"corail_recycler:recycler":1,"minecraft:blast_furnace":1,"minecraft:white_bed":1,"minecraft:oak_log":43,"minecraft:redstone_torch":4,"minecraft:black_wool":1,"minecraft:diamond_pickaxe":264,"minecraft:apple":2,"minecraft:diamond_shovel":814,"minecraft:iron_pickaxe":280,"tombstone:magic_scroll":1,"minecraft:stone_axe":60,"minecraft:diamond_sword":203,"securitycraft:mine":1,"minecraft:spruce_sapling":4,"minecraft:cobblestone":22,"minecraft:porkchop":6,"minecraft:bucket":86,"quark:oak_chest":4,"minecraft:oak_boat":1,"the_silence:sad_satan":1},"minecraft:dropped":{"minecraft:iron_sword":2,"toughasnails:water_canteen":1,"minecraft:wheat_seeds":2,"the_silence:flashlight":1,"minecraft:crafting_table":1,"spartanweaponry:diamond_warhammer":1,"biomesoplenty:maple_sapling":55,"minecraft:cobblestone":3,"minecraft:apple":3,"minecraft:stick":4,"minecraft:gold_block":25,"biomesoplenty:violet":2,"minecraft:iron_block":3,"minecraft:dirt":57,"minecraft:golden_carrot":8,"tconstruct:materials_and_you":1,"minecraft:wooden_hoe":1,"biomesoplenty:redwood_log":14,"minecraft:mutton":7,"the_silence:sad_satan":12,"minecraft:sugar":1,"minecraft:spruce_sapling":1,"minecraft:gold_ingot":30,"minecraft:moss_carpet":1,"minecraft:sugar_cane":4,"alexsmobs:animal_dictionary":1,"minecraft:cobbled_deepslate":5,"minecraft:rotten_flesh":8,"minecraft:light_gray_carpet":2,"minecraft:golden_shovel":1,"minecraft:flint_and_steel":1,"minecraft:diamond_sword":1,"spartanweaponry:iron_longsword":2,"minecraft:diamond_pickaxe":1,"minecraft:leather_leggings":1,"minecraft:redstone_torch":6,"minecraft:spider_eye":1,"minecraft:arrow":6,"minecraft:wooden_pickaxe":1,"minecraft:raw_gold":10,"minecraft:netherrack":60},"minecraft:custom":{"minecraft:interact_with_smithing_table":1,"minecraft:interact_with_anvil":3,"minecraft:mob_kills":107,"minecraft:interact_with_crafting_table":69,"minecraft:open_barrel":56,"minecraft:eat_cake_slice":3,"minecraft:leave_game":25,"minecraft:time_since_death":71139,"minecraft:climb_one_cm":8788,"minecraft:sprint_one_cm":1520567,"minecraft:walk_one_cm":1343414,"minecraft:damage_blocked_by_shield":3656,"minecraft:drop":252,"minecraft:play_time":536531,"minecraft:sneak_time":18592,"minecraft:deaths":43,"minecraft:walk_under_water_one_cm":64686,"minecraft:boat_one_cm":124882,"minecraft:jump":7757,"minecraft:interact_with_brewingstand":1,"minecraft:interact_with_blast_furnace":12,"minecraft:walk_on_water_one_cm":126201,"minecraft:total_world_time":536531,"minecraft:interact_with_furnace":48,"tombstone:raider_killed":1,"minecraft:sleep_in_bed":25,"minecraft:time_since_rest":70810,"minecraft:damage_taken":19381,"minecraft:trigger_trapped_chest":13,"minecraft:damage_dealt":27307,"tombstone:cast_on_ally":0,"minecraft:swim_one_cm":104063,"minecraft:fly_one_cm":2490757,"minecraft:crouch_one_cm":49872,"tombstone:undead_killed":47,"minecraft:open_chest":194,"minecraft:fall_one_cm":288120,"minecraft:interact_with_smoker":4}},"DataVersion":3120}